ingredientId,ingredientName
0,
1,Monin Apple Puree
2,Green Chartreuse
3,Fever-Tree Tonic
4,Almond Cream Soda
5,muddled
6,Funkin Passion Fruit Puree
7,Graham's 20 Year Tawny Port
8,Peach Shrub
9,Celery Bitters
10,Cardamom syrup
11,Fever-Tree Ginger Beer
12,Lemons
13,Lime
14,Fresh Pineapple juice
15,Yuzu-Infused Vieux Pontarlier Absinthe Francaise Superieure
16,Prichard's Lincoln County Lightning
17,Marrakesh Mint Tea
18,Sparkling Rose
19,Nikka Whisky Yoichi Single Malt 15 YO
20,Bar Keep fennel bitters
21,Cold Blue Bottle Coffee
22,Ginger Beer
23,Basil Leaf
24,Bacardi Superior Rum
25,Darjeeling simple syrup
26,Lemon
27,Condensed milk
28,top Prosecco
29,top Ginger Ale
30,Coconut Rum
31,Soda water
32,East Imperial Superior Tonic 
33,Clement Creole Shrubb
34,Raspberry Jello packages
35,Jalapeno stuffed olive
36,El Tesoro Reposado Tequila
37,Earl Grey Syrup
38,White dry white(preferably Sauvignon)
39,Guava Nectar
40,Fresh lime sweet n' sour
41,Passion Fruit (fresh or puree)
42,Vanilla Syrup
43,Gomme syrup
44,Giffard Abricot du Roussillon
45,oz Dehydrated pear slice
46,Rich simple syrup
47,Celery stalk
48,Luxardo Anisette
49,Ginger Ale
50,Egg yolk
51,Pear Bitters
52,Toasted Pecan Syrup
53,Simple Syrup (1.5 : 1)
54,Avua Cachaca Prata
55,Reisetbauer Carrot Eau De Vie
56,Ginger/Cardamom/Honey Syrup
57,Pomegranate Cordial
58,Creole Shrub
59,Applejack
60,top Tonic
61,Snake Oil's House-made Pomegranate Bitters
62,Bourbon Rye
63,Etter Zuger Kirsch
64,Chateau de Montifaud XO Silver
65,Benedictine
66,Blackberries
67,Watermelon
68,large Grapefruit Sorbet
69,Rich Demerara Simple Syrup
70,FAIR Goji Berry Liqueur
71,Pages Elderflower Syrup
72,Giffard Elderflower Liqueur
73,float Sparkling Wine
74,Amaro Nonino Quintessentia
75,Monin Strawberry Puree
76,Nori-Infused Sake
77,top Fever-Tree Mediterranean Tonic Water
78,The Bitter Truth Xocolate Bitters
79,Luxardo Bitter Bianco
80,oz Lemon
81,Bay Leaf Syrup
82,Almond Extract
83,Mint Sprig
84,Caster Sugar
85,Sioux City Sarsparilla Soda
86,Egg White
87,Strawberries
88,zested
89,Sherry
90,Fee Brothers Black Walnut Bitters
91,oz Cinnamon
92,Fee Bros Rhubarb bitters
93,Black Licorice-Infused Angostura Bitters
94,Cocchi Vermouth di Torino
95,Pear flavored Vodka
96,Minta Soda
97,Plantation Pineapple Rum
98,Karlsson's Gold Vodka
99,Bitter
100,Fresh Lemon
101,Citadelle Gin
102,Monin French Raspberry Syrup
103,Lime Sweet n' Sour mix
104,Briottet Creme de Cassis
105,Pineapple
106,Cinnamon Syrup
107,Cloves
108,Citric Acid
109,Molasses
110,top Anchor Christmas Ale 2016
111,Chateau de Montifaud Cognac VS
112,Fresh Coconut Water
113,Horchata
114,fill Soda Water
115,Rhum Agricole-style
116,Compas Box Great King Street Blended Scotch Whisky
117,Krogstad Aquavit
118,Round Pond Meyer Lemon Syrup
119,Glenrothes Bourbon Reserve
120,oz St. Germaine Elderflower Liqueur
121,Cointreau
122,Brandy de Jerez
123,Fentimans Ginger Beer
124,juiced
125,Italian Sparkling Water
126,Light Rum
127,Agave
128,15 YO Sherry
129,Tempus Fugit Gran Classico Bitter
130,Cucumber
131,Dolin Vermouth
132,Fresh lime
133,House-made Spiced Pumpkin Puree
134,Red Wine
135,House-made Honey Syrup
136,House-made Organic Pear Syrup
137,Sugar Syrup
138,Cola
139,fill Champagne
140,few drops Peychaud's Bitters
141,No.3 London Dry Gin or H by HINE
142,Rhubarb Cucumber & Mint-Infused Junipero Gin
143,float Tonic Water
144,Double cream
145,Honey-Ginger Syrup
146,bottle Karlsson's Gold Vodka
147,Demerara Simple Syrup (1:1)
148,Bulleit Rye
149,Fresh pomegranate juice
150,Clover's Gingersnap
151,Wild Turkey 101 Bourbon
152,St. George Absinthe
153,oz Fever Tree Club Soda
154,Yuzu Juice
155,Velvet Falernum
156,fill Club soda
157,Curacao
158,Tomato Juice
159,Cucumber wheels
160,Strega
161,Strawberry-Raspberry Simple Syrup
162,Chateau de Montifaud Pineau des Charentes Blanc
163,Blood Orange Juice
164,Agave Nectar
165,Lemon Verbana Simple
166,Fresh Lemon Juice
167,House-made Apple Pie Bitters
168,Lemon slice
169,Fresh Strawberry Juice w/ Xanthan Gum
170,Momokawa Organic Junmai Ginjo Sake
171,Basil-Infused White Rum
172,Clarified Milk
173,Orange Liqueur
174,Dubonnet Rouge
175,Averna
176,Yuzu
177,Pimms
178,Fresh lemon juice
179,Breck Bourbon
180,Reposado Tequila
181,Bittercube Bitters Jamaican #2
182,The Genuine Curacao Liqueur Clear
183,Lavender bitters
184,7-Spice Syrup
185,Assorted Complementing Botanicals
186,Fresh Basil Leaves
187,Briottet Creme de Mure (Blackberry)
188,D.O.M Benedictine
189,White Rum
190,Pineapple Syrup
191,float Luxardo Amaretto di Saschira
192,Lavender syrup
193,Gooseberry Jam
194,House-made Yellow Shaw-treuse
195,Orgeat Syrup
196,Fresh egg White
197,Seedless Blackberry Jam
198,Lemon Peel (white pith removed and julienned)
199,Thai Basil Syrup
200,Fresh Lime Juice
201,Tempus Fugit Kina L'Aero d'Or
202,Sparkling Water
203,Coco KJ (House-made Coco Lopez)
204,Peach Juice
205,Sherry Vinegar
206,Oatmeal-Infused Karlsson's Gold Vodka
207,House Ginger Beer
208,Orgeat (Almond) Syrup
209,Cucumber slices
210,Cane sugar syrup
211,Lychee
212,Lazzaroni Amaro
213,Orgeat syrup
214,Yogurt Liquor
215,Black Pepper Balsamic Shrub
216,Mendolera
217,Luxardo Fernet
218,Bywater Spice Mix
219,St. Germaine Elderflower Liqueur
220,Orange blossom water
221,Perfect Puree White Peach
222,Ypioca Brasilizar Cachaca Prata Classica
223,Miracle Mile Forbidden Barrel Aged Bitters
224,LemonJuice
225,Pineapple Gum
226,Bay Leaf-Infused Honey Syrup
227,Bittercube cherry bark bitters
228,Salt Tincture
229,Tempus Fugit Alessio Extra Dry Vermouth
230,Calisaya
231,Fresh grapefruit juice
232,Ginger beer
233,Strawberry
234,The Bitter Truth Jerry Thomas Bitters
235,float Gosslings 151 Rum
236,Westland American Single Malt
237,Bittercube Door County Hop Bitters
238,Kosher Salt
239,float Pomegranate liqueur
240,Acid phosphate
241,Chateau de Montifaud Pineau des Charentes Rose
242,Old Overholt Straight Rye Whiskey
243,Smoked Malt
244,Christmas Spirit
245,Coconut Cream
246,Salt
247,Lillet Rose
248,Ancho Reyes Chile Liqueur
249,Honey Syrup
250,Broker's London Dry Gin
251,Fee Brothers Orange Flower Water
252,Pedro Ximenez Sherry
253,Tequila
254,Fresh lime juice
255,Spiced Apricot Syrup
256,oz La Colombe Cold Draft Coffee
257,Olive Juice
258,Brown Sugar
259,Copper & Kings Absinthe
260,La Quintinye Vermouth Rouge
261,Fresh Sage leaves
262,Glenrothes Vintage Reserve
263,Rich Cane Syrup
264,Ancho Reyes Ancho Chile Liqueur
265,Hibiscus Simple Syrup
266,Forgery Earth Day Bitters
267,White Port
268,Old Potrero Straight Rye Whiskey (Toasted Coconut Infused)
269,Lillet Blanc
270,Simple syrup (2:1 sugar water)
271,House-made Rasta Bitters
272,House-made Slivovitz (Plum Brandy)
273,Agave Syrup (1:1 agave to water)
274,beans Cocao beans
275,Vermouth del Professore
276,Peach Puree
277,Sweetened Condensed Milk
278,Fee Brothers Gin Barrel Aged Bitters
279,Luxardo Bitter
280,Pickled okra
281,Ginger-Cinnamon Syrup
282,Coconut Milk
283,Spiced Butter
284,Grapefruit Shrub
285,Watermelon Juice
286,Jamaican Rum
287,Grapefruit flavored Vodka
288,top Apple Cider
289,Kombu tincture
290,Cherry Herring
291,Ypioca Brasilizar Cachaca Prata Reserva Especial
292,Leopold Bros. Bitter
293,Sugar
294,Spiced kuri squash purée
295,Coffee-Infused Lustau East India Solera
296,St. Germain
297,Simple Syrup (equal parts sugar and water)
298,Hophead Vodka
299,Germain-Robin Absinthe
300,Chartreuse
301,Old Fashioned Bitters
302,Cinnamon syrup
303,El Guapo Tonic Bitters
304,Dry Riesling
305,Castilian Tincture
306,Passion Fruit Syrup
307,Ancho Chile-Infused Simple Syrup
308,Hangar 1 Vodka
309,Fever Tree Ginger Beer
310,Lemon Sour
311,Lime juice
312,Chinese Five Spice Bitters
313,Prosecco
314,Tempus Fugit Creme de Cacao
315,Chamomile Tea Syrup
316,float Anchor California Lager
317,Rye Whiskey
318,Rare Wine Co. Charleston Sercial Madeira
319,Fresh mint
320,Pastis Prado
321,Lemon Lime Soda
322,Heavy Cream
323,Alvear PX Sherry
324,Apple & Cinnamon-Infused Karlsson's Gold Vodka
325,top Soda
326,Nutmeg
327,Kiwi
328,White peach puree
329,Apricot-Infused H by HINE
330,Orange liqueur
331,New York Apple Whiskey
332,Rhubarb Juice
333,Basil
334,Bittermens Hellfire Habanero Shrub Bitters
335,Orange Flower Water
336,oz Pinch of Cardamom
337,Small Hands Food orgeat
338,Grüner Veltliner
339,Large Pieces Candied Ginger
340,Lime Juice
341,Fresh Lemon Juice (optional)
342,Orange marmalade
343,Hibiscus/rose syrup
344,Mint
345,IPA
346,float Luxardo Aperitivo
347,Calisaya Liqueur
348,Hamilton Black Jamaican Pot Still Rum
349,Cranberries
350,Fresh Egg White
351,Nigori sake (Unfiltered)
352,Gin Barrel Aged Orange Bitters
353,Red Hawaiian Salt
354,Whiskey Barrel Aged Bitters
355,oz Prosecco
356,Salers Gentiane Aperitif
357,Tippleman's Barrel Smoked Maple Syrup
358,Cherries
359,Boiling water
360,Montenegro Amaro Liquore Italiano
361,Montelobos Mezcal
362,Lustau East India Solera
363,Lo-Fi Gentian Amaro
364,Angostura Orange Bitters
365,top Pear Cider
366,Cold-pressed Apple Cider
367,Luxardo Cherry Syrup
368,Homemade milk chocolate
369,Chilled club soda
370,English Harbour Rum 5 YO
371,Blended Aged Rum
372,Demerara Syrup
373,fill Club Soda
374,Celery Shrub
375,Citrus-flavored Vodka
376,Demerara Syrup (1:1)
377,Fresh lime sweet n' sour mix
378,Luxardo Maraschino Cherry/Cherries
379,Bols Genever
380,rinse St. George Absinthe
381,Cherry tomato
382,Honey syrup (local honey cut 2:1 with water)
383,Green Tabasco
384,Hot coffee
385,Chilled Dry Champagne
386,Topo Chico Mineral Water
387,Tempus Fugit Alessio Vino Chinato
388,Pineapple-Infused Mezcal
389,top Club Soda
390,Orange Sorbet
391,Pear Watercress Puree
392,Muddled Sage Leaves
393,Gossling's 151 Rum
394,Mancino Vermouth Secco
395,Turmeric Coconut Cream
396,Lustau Dry Olorosso Sherry
397,Simple Syrup
398,H by HINE
399,Cannella Cinnamon Cordial
400,The Bitter Truth Grapefruit Bitters
401,Clarified Coconut Sugar Blood Orange Cordial
402,Denizen Aged White Rum 
403,Luxardo Aperitivo
404,Chopped pineapple
405,Pepper Corns
406,splash Perrier Grapefruit
407,Rhum Agricole
408,Broker's Gin
409,Luxardo Slivovitz
410,The Genuine Curacao Liqueur Blue
411,Egg Whites
412,Regans' Orange Bitters No. 6
413,rinse Vieux Pontarlier Absinthe Francaise Superieure
414,Cloves torched & muddled
415,Black Salt Tincture
416,Sugar Rich Simple
417,Milk
418,Vermut Vermouth
419,oz Sliced plum
420,Lemon-Celery Bitters
421,Basil Leaves
422,Woodchuck Pumpkin Cider
423,Old Forester Bonded Bourbon
424,Luxardo Amaro Abano
425,Red Vermouth
426,Noyeau de Poissy B
427,Pepperoncini
428,Medium Carrot
429,Roasted Cherry
430,Pear Sage Foam
431,Demerara Syrup (2:1)
432,Mango Juice
433,float Prosecco
434,Compass Box Great King Street Glasgow Blend
435,Cacao
436,Bar Keep Lavender Spice Bitters
437,Cream
438,Luxardo Orgeat Syrup
439,Cucumbers muddled
440,Truffle Tincture
441,BarSol Perfecto Amor (Aperitif Wine)
442,Fresh Cider
443,Apple Water
444,Whole Peppercorns
445,Sugar Snap Peas
446,Fino Sherry
447,Bitters
448,Fresh pineapple juice
449,Maestro Dobel Diamante Tequila
450,Beet Thyme Reduction
451,Sweetened Apple Cider
452,Orange-scented Maple Syrup
453,Lustau Amontillado Sherry
454,Fresh pressed Apple Cider
455,Lustau Pedro Ximénez Sherry
456,Bittercube Jamaican #2 Bitters
457,Passion fruit
458,Avua Amburana Cachaça
459,Noilly Prat Dry Vermouth
460,Fee Brother's Orange Bitters
461,Lime wedges
462,float Pisco
463,Orange Blossom Water
464,Triple Sec
465,New York Apple Whisky
466,Grapefruit juice
467,Fennel Bitters
468,Aged Rum
469,Fever-Tree Indian Tonic
470,Old Tom Gin
471,Mole Bitters
472,HINE Rare VSOP
473,Simple Syrup (1:1)
474,Licor 43
475,Lemon Bitters
476,F. Meyer Mirabelle (Yellow Plum)
477,Chinaco Reposado Tequila
478,Thyme Simple Syrup
479,Rose Poached Pear Syrup
480,Peated Kola Nut Tincture
481,Heavy Whipping Cream
482,Brut Champagne
483,Nocino
484,House Cola Syrup
485,Apple Cider Reduction
486,Braulio Amaro
487,Jamaica basil flower syrup
488,float Mango Flavored Rum
489,Cava
490,Strawberry shrub
491,Chocolate Bitters
492,top Sparkling Wine
493,Black tea syrup
494,Junipero Gin
495,Zirbenz Stone Pine
496,Anchor Christmas Ale 2016
497,Coconut milk
498,Dolin Rouge Vermouth
499,Napoleon Amontillado
500,Absinthe
501,Cinnamon-Chipotle Syrup
502,Bittermens Orange Cream Citrate
503,Fresh orange juice
504,Honey
505,Hot water
506,Vanilla
507,Dry Oloroso Sherry
508,Lime juice (freshly squeezed)
509,Honey-Pear Liqueur
510,Rubarb Bitters
511,Round Pond Blood Orange Syrup
512,Tempus Fugit Spirits Alessio Vermouth di Torino
513,Semper Fi White Whiskey
514,Mint sprig
515,Cinnamon honey syrup
516,Wild Hibiscus Tea
517,Don's Mix
518,Fresh Shibori Yuzu juice
519,Lovage Leaves
520,Chateau de Montifaud Reserve Speciale Michel Vallet
521,Dry Vermouth
522,Fig & Cinnamon Syrup
523,Tempus Fugit Creme de Noyaux
524,Cherry-Infused Vodka
525,Ice Cubes
526,Barley Tea-Infused Nikka Coffey Grain Whisky
527,Vanilla Ice Cream
528,Luxardo Limoncello
529,Dr. Adam's Boker's bitters
530,Sweet vermouth
531,oz Champagne (Sparkling Wine)
532,Fresh Grapefruit Juice
533,Celery Root Puree
534,Cinnamon stick
535,Fresh Cranberries
536,Thai chili
537,Soda
538,rinse Montanaro Vermouth
539,Orange bitters
540,Fresh ginger
541,Pilon Syrup
542,Cardamaro
543,Fresh Apple Juice
544,Fresh Passion Fruit
545,Cognac
546,Brandy
547,Chinaco Blanco Tequila
548,Demerara
549,Osha Falernum
550,Pink Pigeon Rum
551,Rich Wild Sage Honey Syrup
552,Hidalgo La Gitana Manzanilla Sherry
553,lemon Lemon
554,top Anchor California Lager
555,Grenadine
556,Junmai Sake
557,Smith & Cross
558,Dry Amontillado Sherry
559,Angostura bitters (optional)
560,Pineapple Sorbet
561,C. Drouin Pommeau de Normandie
562,Dolin Blanc
563,Hepps Ghost Pepper Salt
564,Bittermens Elemakule Tiki Bitters
565,BarSol Supremo Moste Verde Italia Pisco
566,Byrrh Grand Quinquina
567,Vanilla Powder
568,Rittenhouse Straight Rye Whisky
569,float Coconut foam
570,Fuji Apple Cider
571,Amalfi Lemon
572,Jerry Thomas Bitters
573,Sweet Vermouth
574,Fresh lemon syrup
575,Ginger Liqueur
576,California Poppy Oil
577,Hella hula bitters
578,Orange Cordial
579,Deschutes Fresh Squeezed IPA (from tap)
580,Pear Syrup
581,Luxardo Triplum (Triple Sec)
582,top Founders Porter
583,Roasted Cherries
584,Small Hand Foods Gum Syrup
585,fill Soda water
586,Japanese Whisky
587,Amer Picon
588,Orgeat
589,Hangar 1 Buddha's Hand Citron Vodka
590,Tonic Water
591,Apple Brandy
592,float English Harbour Rum
593,Rhubarb Infused Gin
594,BarSol Selecto Italia Pisco
595,Lager
596,Ghost-Pepper-Infused Campari
597,Perfect Puree Apricot
598,Ginger Citrus Agave Blend
599,Luxardo Angioletto (Hazelnut Liqueur)
600,Simple Syrup (2:1)
601,Passion fruit puree
602,Duplais Swiss Absinthe Blanche
603,Mole
604,House-made Simple Syrup
605,Fever-Tree Bitter Lemon
606,Blanc Vermouth
607,Cynar
608,to fill Anchor California Lager
609,Xtabentun Liqueur (honey
610,Genever
611,Champagne
612,Lemon zest
613,Monin Cane Syrup
614,Pontarlier Anis
615,C. Drouin Calvados Selection
616,Chilled Dry White Wine
617,Pumpkin Puree
618,House-made Roasted Banana Bitters (or Bittermens Tiki Bitters)
619,Nikka Coffey Grain Whisky
620,Vieux Pontarlier Absinthe Francaise Superieure
621,Hibiscus syrup
622,Orange Cream Citrate
623,Ypioca Brasilizar Cachaca Ouro Reserva Especial
624,Campari
625,London Dry Gin
626,Winter Spice Brown Sugar Syrup
627,Mezcal
628,BenRiach Single Malt 12 YO
629,Bittermens 'Elemakule Tiki Bitters
630,Van Gogh Blue Vodka
631,Pressed Apple Juice
632,Duplais Swiss Absinthe Verte
633,Lemon Twist
634,Mulled Cider (cooled)
635,Spiced Pumpkin Butter
636,Angostura bitters
637,Coconut Water
638,Concord grapes
639,Pusser's Rum
640,Apricot Eau-de-Vie
641,Walnut Oil
642,Avuá Prata Cachaça
643,Fee Brothers Aztec Chocolate Bitters
644,Bittermens Burlesque Bitters
645,D'Arisit Xtabentun Honey Liqueur
646,Simple syrup
647,anis)
648,Brachetto
649,Pipparas Pepper
650,Baked Apple Bitters
651,Kaffir Tincture
652,Café Moka
653,No.3 London Dry Gin
654,Oloroso Sherry
655,Ginger root
656,Small Hand Foods Pineapple Gum Syrup
657,Luxardo Sambuca dei Cesari
658,Banks 5 Island Rum
659,Grade-A Maple Syrup (prefer McClure's)
660,Passion fruit juice
661,Absolut Vodka
662,Rock & Rye
663,Heavy cream flavored with Hum Liqueur
664,Amaro Angeleno
665,Seltzer Water
666,Bloody mix
667,Honey syrup
668,Falernum
669,top Homemade Pink Grapefruit Soda
670,Gran Duque d Alba Solera gran Reserva brandy
671,Homemade Irish Cream
672,Seltzer
673,El Dorado 12 Year Old Rum
674,D'Aristi Xtabentun Honey Liqueur
675,Nikka Coffey Malt Whisky
676,Bin 27 Port
677,Giffard Banane du Brésil
678,Brandy de Jerez (Foie Gras-Infused)
679,BenRiach Curiositas Single Malt 10 YO
680,Barolo Chinato
681,Rocoto passion fruit reduction
682,oz Marshmallow whip cream
683,oz Sprigs of Mint
684,Lemon Peel
685,Pomegranate Ice Cube
686,Fig-Infused C. Drouin Calvados Selection
687,Esprit de June
688,Lychee Puree
689,float Luxardo Fernet
690,Dry vermouth
691,Bergamot tea foam
692,Grapefruit Bitters
693,Coconut Pistachio Puree
694,Fresh Squeezed Pineapple Juice
695,Pasteurized Egg White
696,Dijon Blue Curaçao
697,Rye or Bourbon Whiskey
698,Grenadine 'Layered' Beer Back
699,Homemade orgeat
700,Chareau Liqueur
701,Manzanilla Sherry
702,Everclear
703,Demerara Sugar
704,Regans' Orange Bitters
705,White Peach & Orange Chamomile Infused Sweet Vermouth
706,Boiron Kalamansi Juice
707,float Ginger Beer
708,oz Fresh lime sweet n' sour mix
709,Espresso coffee
710,Cinnamon-Clove Syrup
711,Banks 5 Rum
712,Scrappy's Aromatic Bitters
713,Peychaud's Bitters
714,Crème Yvette
715,Lime Juice 
716,House-made Green Apple Purée
717,Atomized Pipe Tobacco Essence
718,oz Heavy Cream
719,Spiced apple shrub
720,Half Small Cucumber
721,Finely chopped drained stem ginger in syrup
722,Blanco Tequila
723,Grand Poppy Liqueur
724,strawberries Strawberries(muddled)
725,1/2 oz Old Potrero Straight Rye Whiskey
726,Fresh Orange Juice
727,Amaro Sibilla
728,Leopold Bros. Sour Apple Liqueur
729,Branca Menta
730,Fresh sweet n' sour
731,Sliced Green Lemon
732,top IPA
733,Creme de Cacao
734,1/2 oz Chinaco Reposado
735,Tahitian Vanilla Bean Syrup
736,Mandarine Napoleon
737,Napa Valley Moscato Late Harvest (Mondavi Moscato d'Oro)
738,Amaro di Angostura
739,Luxardo Cherry (muddled)
740,Chocolate Liqueur
741,Dolin Genepy
742,Orchard Syrup
743,Karlsson's Gold Vodka (Root-Infused)
744,Sage-Cilantro-Lime Syrup
745,Fresh lemon
746,Dancing Pines Black Walnut Bourbon
747,large chunks Pineapple
748,Rich simple syrup (2:1 sugar to water)
749,House-made Roasted Banana Bitters
750,Sweet Marmalade
751,No. 209 Gin
752,John D. Taylor's Velvet Falernum
753,Cocchi Americano
754,Maurin Quina
755,Fresh Ginger Syrup
756,soaked in Peychaud's Bitters
757,Tempus Fugit Abbott's Bitters
758,top Ginger Beer
759,Vodka
760,Hard Apple Cider
761,top Fever-Tree Bitter Lemon
762,Tuaca
763,Sparkling Wine
764,Vanilla Marinade
765,Fever-Tree Soda
766,Demerara Sugar Syrup
767,Unfiltered Apple Juice
768,Pierre Ferrand Dry Orange Curacao
769,Rose Wine
770,Nikka Whisky Taketsuru Pure Malt 12 YO
771,Fresh Mint
772,Bar Keep Baked apple bitters
773,Lemon lime soda
774,Blood Orange Vanilla Mint Puree
775,English Harbour Rum
776,Fever-Tree Tonic Water
777,Barr Hill Gin
778,small scoop Lemon Sorbet
779,Chamomile Tea-Infused Noilly Prat Dry Vermouth
780,Herbal Liqueur
781,Plymouth Gin
782,mist Laphroaig
783,oz Carrot Juice
784,Okinawa sugar
785,Hot Water
786,Pierre Ferrand Curaçao
787,Star Anise
788,Rhubarb Syrup
789,Bombay Dry Gin
790,Fresh Grapefruit Soda
791,1/2 oz Sathenay Crème de Peche
792,Fee Bros Orange bitters
793,Prata Cachaca
794,Fresh Raspberries
795,float Ale
796,Orange marmalade syrup
797,grated
798,Chili Tincture
799,Vanilla flavored Vodka
800,Charbay Ruby Red Grapefruit Vodka
801,Aperol
802,Pear & Celery Puree
803,splash Soda Water
804,Orange Twist
805,Fever-Tree Lemonade
806,Fee Bros. Rhubard Bitters
807,Cream (steamed as for a cappuccino)
808,Chateau de Montifaud Cognac VSOP
809,Meyer Lemon Juice
810,Rich Brown Sugar Simple Syrup
811,Ypiòca
812,Fernet-Branca
813,Rich coffee syrup
814,Amargo Vallet
815,Cocchi Americano Rosa
816,Pineau des Charentes
817,Rich Simple Syrup
818,Black Rum
819,BenRiach Madeira 15 YO
820,Chateau de Montifaud Cognac XO
821,Cranberry Bitters
822,Grapefruit bitters
823,Cranberry juice
824,Nux Alpina Walnut Nocino Liqueur
825,Orange slice
826,Matcha Tea
827,Lemon Juice
828,Vanilla Agave Nectar
829,Lemon bitters
830,BarSol Pisco
831,Walnut Liqueur
832,Pineapple Juice
833,cube
834,Domingo Perez Marin 'la Guita' Manzanilla Sherry
835,Luxardo Sour Cherry Syrup (Previously Amarena)
836,float Ginger beer
837,Maple Syrup
838,Dill Cordial
839,Breckle's Brown Ale
840,Cocktail onion
841,Miso washed White Rhum Agricole
842,Rose Water
843,Cranberry Juice
844,Nikka Coffey Grain Whiskey
845,The King's Ginger
846,Honey Syrup (1:1 honey & water)
847,Fresh cream(not whipped)
848,Fresh Cantaloupe Juice
849,top Mixwell Young Ginger Ale
850,Cane Sugar
851,B.G. Reynolds Cinnamon syrup
852,Ginger Brown
853,Australian Bitters Company Aromatic Bitters
854,top Soda Water
855,Soda Water
856,Sweetened Condensed Coconut Milk
857,Lime Sour
858,Mexican Coca Cola
859,Meyer lemon juice
860,Luxardo Apricot Liqueur
861,Habanero tincture
862,Luxardo Maraschino Cherries
863,Egg
864,Ale
865,Aromatic Bitters
866,Kumquats
867,Punt e Mes
868,Honey Cinnamon Syrup
869,The Bitter Truth Orange Bitters
870,Laird's Straight Bonded
871,Apple-infused Wild Turkey Bourbon 101
872,Glenrothes
873,Salted Chocolate Bitters
874,Nikka Whisky Taketsuru
875,Juice of an Orange
876,Lemorton Pommeau de Normandie
877,Fresh Ruby Red Grapefruit Juice
878,Watermelon Liqueur
879,top Lemonade
880,Vanilla-Salt Spray
881,oz Cucumber wheels
882,oz Junipero Gin
883,Activated Charcoal
884,Ginger-Vanilla Syrup
885,Fresh cilantro (stems on)
886,Tempus Fugit Alessio Vermouth Chinato
887,oz Mexican Coca Cola
888,Rich Honey Syrup
889,Fee Brothers Rhubard bitters
890,Belstar Sparkling Rose
891,House-made Citrus Bitters
892,Ardbeg Ten
893,Tempus Fugit Alessio Vermouth Bianco
894,Fresh squeezed lime juice
895,Hazelnut Cinnamon syrup
896,Honey Jalapeño syrup
897,splash Club Soda
898,Burned Demerara Sugar Syrup
899,Amaro
900,Chamucos Blanco Tequila
901,Caper berry
902,Bundaberg Ginger Beer
903,part Fee Brothers Whiskey Barrel Bitters
904,High West Oat Whisky
905,Mandarine Napoléon
906,Islay Scotch
907,Lemon juice
908,Madeira
909,Penny Blue Mauritian Rum
910,Cherry Brandy
911,Strawberry & Black Pepper Shrub
912,Old Potrero Straight Rye Whiskey
913,Pineapple Gomme Syrup
914,Grade-A dark maple syrup
915,Sauternes
916,Liquid Alchemist Orgeat
917,Karlsson's Gold Vodka (Coffee-Infused)
918,pinch Grey Sea Salt
919,Clove Tincture
920,Raspberries
921,bag Chai Tea
922,Bonded Rye
923,Puer Black Tea
924,Mathilde Orange XO Liqueur
925,St. Elizabeth Allspice Dram
926,Briottet Creme de Banane
927,Orange Peel
928,Gran Classico
929,oz Honey Syrup
930,Citric Acid or Lime Juice
931,Carpano Antica
932,Bittercube Corazon Bitters
933,Rich Simple (2:1)
934,Tart Cherry Juice
935,Drambuie
936,Egg white
937,Orange Liquor
938,Blood orange sorbet
939,Aviation Gin
940,Thai Coconut Milk
941,Black pepper
942,Cyril Zangs Double Zero Eau de Vie de Cidre
943,Small Hand Foods Orgeat
944,rinse Eau de Vie
945,BarSol Selecto Acholado Pisco
946,Real Cranberry Juice
947,Jack Daniel's
948,Pumpkin vodka
949,Dale DeGroff's Pimento Aromatic Bitters
950,zested (plus flesh of one lemon)
951,Fresh Squeezed Lemon Juice
952,Apple Bitters
953,Blended Lightly Aged Rum
954,Ypioca Cachaca Prata
955,Pressed apple juice
956,Wild Turkey 101 Rye
957,oz Ginger snaps
958,Mint leaves
959,Oloroso & Moscatel Blend
960,Golden Sesame Honey
961,Pumpkin-Infused Glenrothes Vintage Reserve
962,Cinnamon Sticks
963,oz Vanilla Syrup
964,float Bitter Lemon Soda
965,Lemongrass ginger syrup
966,Club Soda
967,Fresh Lime Juice
968,Doug Fir Riesling Syrup
969,Coconut Vinegar
970,Brown Sugar Syrup (2:1)
971,Cream (Half & Half)
972,Woodford Reserve Double Oaked
973,Black Peppercorns
974,Red bell pepper
975,Carpano Antica Vermouth
976,Orange Bitters
977,Gin
978,Agave Syrup
979,Sugar Cube
980,Squeeze of Lime
981,Cinnamon Tincture
982,Beet Sugar Water
983,Good quality sharp lemonade
984,BarSol Primero Quebranta Pisco
985,Espresso powder
986,Cream of Coconut
987,Reed's Premium Ginger Brew
988,Soy milk coffee foam
989,Spring Water
990,Pure Cane Simple Syrup
991,Fresh cucumber juice
992,Potato juice
993,Ancho Reyes
994,Tarragon leaves
995,Fragoli Strawberry
996,Pineapple juice
997,Genepy
998,Rittenhouse Rye
999,large Mint Leaves
1000,Pear Brandy
1001,Noilly Prat Ambre Vermouth
1002,Hirsch Small Batch Reserve Bourbon
1003,Genevieve Gin
1004,Pomegranate juice
1005,Fresh Thyme
1006,Luxardo Espresso Italian Liqueur
1007,Blended Scotch
1008,Pink Peppercorns
1009,Demarara Simple Syrup
1010,The Genuine Curacao Liqueur Orange
1011,Black Walnut Bitters
1012,Pomegranate Syrup
1013,Clear Creek Kirschwasser Eau de Vie
1014,Casoni 1814
1015,Vanilla ice cream
1016,Citrus Agave Blend
1017,Simple Syrup 
1018,Fresh squeezed lime
1019,House-made Tarragon Tincture
1020,Grapefruit Juice
1021,Root 23 Cherry Almond Simple Syrup
1022,Batavia Arrack
1023,Giffard Crème de Pêche de Vigne
1024,Allspice Berries
1025,El Guapo Tonic Syrup
1026,Ca' Secco Sparkling
1027,Luxardo Amaretto di Saschira
1028,top Abita Big Easy IPA
1029,top Banfi Rosa Regale Sparkling Wine
1030,Jalapeno-Orange Simple Syrup
1031,Hirsh Pinot Noir Reduction
1032,Lemon curd (or a large bar spoon)
1033,Barr Hill Honey Gin
1034,top Fever-Tree Ginger Ale
1035,Cucumber Slices
1036,Dolin Dry Vermouth
1037,Red Vermouth (Antica Formula)
1038,Cinnamon-Candied Ginger Syrup
1039,Rothman & Winter Orchard Pear Liqueur
1040,Granny Smith Apple Juice
1041,Orange juice
1042,Bittermens Hopped Grapefruit Bitters
1043,J.H. Cutter Whisky
1044,Lacuesta Blanco Vermouth
1045,Moroccan Mint Tea (chilled)
1046,Strawberry Syrup
1047,Dry Curacao
1048,Milk powder (or cream)
1049,Grapefruit
1050,Cinnamon Wineshine Brandy
1051,Small Hunk Ginger
1052,Fresh-pressed Lemon Juice
1053,House-made Orgeat
1054,Sun Gold Cherry Tomatoes
1055,Jasmine Tea/Rice-Infused Junipero Gin
1056,Pomegranate Juice
1057,Whole licorice root
1058,Monkey Shoulder Blended Scotch Whisky
1059,Peach Brandy
1060,Pusser's Blue Label Rum 
1061,Bittermens Boston Bittahs
1062,Fee Brothers Celery Bitters
1063,Don Cesar Pisco
1064,House-made Allspice Dram
1065,Citric Acid Solution
1066,Whole Egg
1067,Kale Leaves
1068,Rhubarb Bitters
1069,Bittermens Xocolatl Mole Bitters
1070,Raspberry/white pepper syrup
1071,Peach
1072,Condense Milk
1073,Mint sprigs
1074,Apricot brandy
1075,Strawberry juice
1076,King's Ginger Liqueur
1077,float Dry Sparkling Wine
1078,Luxardo Maraschino Liqueur
1079,Tempus Fugit Creme de Menthe Glaciale
1080,Anchor Liberty Ale
1081,Orange Juice
1082,Carbonated Water
1083,Sparkling Apple Juice
1084,Averna Amaro
1085,Dry Vermouth Infusion
1086,oz Elder Flower Liquor
1087,Elderflower Liqueur
1088,Snake Oil's House-made Sarsaparilla Syrup
1089,Pistachio syrup
1090,Mandarin Orange
1091,Almond Milk
1092,coffee spoon Sugar Syrup
1093,Peche de Vigne
1094,Kummel Liqueur
1095,Satsuma slices
1096,H by HINE (Brown Butter-Infused)
1097,Single Malt Scotch
1098,Bonal
1099,Grand Marnier
1100,Amontillado Sherry
1101,float Old Vine Zin
1102,D'aristi 10 YR Rum
1103,Green Hat Spring/Summer Gin
1104,Chocolate bitters
1105,Cinnamon Bitters
1106,Verjus Blanc
1107,Briottet Creme de Framboise (Raspberry)
1108,Spirit Works Sloe Gin
1109,cloves Crushed Garlic
1110,Mai Tai Mix
1111,Yellow Chartreuse
1112,Boker’s Bitters
1113,Grapes
1114,Fee Brothers Cranberry Bitters
1115,Tempus Fugit Liqueur de Violettes
1116,Acacia Honey Syrup
1117,oz 2 Dashes Orange Bitters
1118,Bittercube Cherry Bark Vanilla Bitters
1119,Lemon Verbena Cordial
1120,Old Overholt Rye
1121,Fire and Damnation bitters
1122,1/2 oz Ypiòca
1123,Lime Wedges
1124,Tempus Fugit Alessio Vermouth di Torino Rosso
1125,Basil leaves
1126,Gordy’s Cocktail Pickle Brine
1127,Ginger Zest
1128,Tonic
1129,Fever-Tree Sparkling Lemon
1130,cored
1131,Ginger Syrup
1132,Nikka Whisky Miyagikyo Single Malt 12 YO
1133,Kaffir lime & tamarind compound syrup
1134,Big Handful Spinach Leaves
1135,SC Demerara Syrup
1136,Castelvetrano Olive Brine
1137,Contratto Bianco Vermouth
1138,Toasted Coconut Tincture
1139,Jummai Ginjo Sake
1140,Fenteman's ginger beer
1141,top Lemon Foam
1142,Coriander Tincture
1143,Cane Sugar Syrup
1144,J. T. Taylor's Falernum
1145,Prickly Pear Puree
1146,Garrison Brothers Flagship Bourbon
1147,Pot still-style Irish Whiskey
1148,Orange
1149,Kalani Coconut Liqueur
1150,Tonic Water Ice Cubes
1151,Angostura Bitters
1152,Sea Salt Tincture
1153,Old Forester Bourbon
1154,Mint Leaves
1155,large Basil Leaves
1156,1/2 oz Condensed milk
1157,Simple Syrup (optional)
1158,Coca-Cola
1159,Fresh Lemon Juice 
1160,Peanut Butter Powder
1161,Real Lemon Juice
1162,top Fever-Tree Tonic Water
1163,Mansinthe Absinthe
1164,Rich Simple Syrup (2:1)
1165,Celery bitters
1166,fill Tonic water
1167,Brown sugar
1168,Fee Bros Lemon Bitters
1169,Pinapple wheel
1170,Serrano Pepper Syrup
1171,Rooibus Tea (steeped and cooled)
1172,Clover Honey Syrup
1173,Giffard Pamplemousse
1174,Cinnamon
1175,Luxardo Cherry Syrup (from jar of cherries)
1176,Ginger ale
1177,Lychee juice
1178,top Steam Beer
1179,Chocolate Mole Bitters
1180,Lavander syrup
1181,top Hot Water
1182,Fresh-Squeezed Lime Juice
1183,Seersucker Gin
1184,House-made Cranberry Syrup
1185,Calvados
1186,Angostura
1187,Club soda
1188,Fresh sweet n' sour mix
1189,Peach bitters
1190,Fresh Squeezed Ruby Grapefruit
1191,Quady Muscat Wine
1192,oz Pink Pigeon Rum
1193,Tonic water
1194,Bourbon
1195,Cherry Bitters
1196,1/2 cups Good quality dark chocolate
1197,Luxardo Liquore St. Antonio
1198,Belle Brillet
1199,Martini & Rossi Sweet Vermouth
1200,Basic House Lemonade
1201,Dill
1202,Lustau Oloroso Sherry
1203,Chinaco Anejo Tequila
1204,Grape juice
1205,Rothman & Winter Orchard Apricot Liqueur
1206,Lemon sorbet
1207,Extra Dry Vermouth
1208,Luxardo Sangue Morlacco Cherry Liqueur
1209,Apple Cider
1210,Don Ciccio & Figli Concerto
1211,Scrappy’s Lime Bitters
1212,Jalapeño Syrup
1213,Green Apple
1214,top Sparkling Water
1215,Liqueur de Violette
1216,Jasmine Green Tea
1217,Bob's Vanilla Bitters
1218,Heavy cream
1219,Cold-Brew Coffee
1220,Vya Dry Vermouth
1221,Demitri's Bloody Mary Seasoning
1222,Champagne or Prosecco
1223,Cold water
